<hackpackage>
  <name>Hide Buttons Option</name>
  <identifier>bb-hide-button-style</identifier>
  <description>Hide the Button Style Option from Instructors</description>
  <version>0.2</version>
  <developerName>Terry Patterson</developerName>
  <developerInstitution>Austin Community College District</developerInstitution>
  <developerURL>https://www.austincc.edu/</developerURL>
  <developerEmail>terry.patterson@austincc.edu</developerEmail>
  <hook>tag.learningSystemPage.start</hook>
  <restrictions>
    <restriction>
      <type>URL</type>
      <value>.*/webapps/blackboard/execute/cp/manageCourseDesign*</value>
      <inverse>false</inverse>
    </restriction>
  </restrictions>
  <resources/>
  <priority>0</priority>
</hackpackage>